id;title;link;regular_price;promotional_price;brand
223096;Кофе в капсулах Absolut Drive Americano Original для кофемашин Dolce Gusto 16шт, 128г;https://online.metro-cc.ru/products/16shth8g-kofe-absolut-amerikano-kapsuly-dg;399;399;ABSOLUT
223100;Кофе в капсулах Absolut Drive Cappuccino with milk для кофемашин Dolce Gusto 16шт, 184г;https://online.metro-cc.ru/products/8shth6g8shth17g-kofe-absolut-kapuchino-kapsuly-dg;399;399;ABSOLUT
223118;Кофе в капсулах Absolut Drive Latte Macchiato with caramel для кофемашин Dolce Gusto 16шт, 168г;https://online.metro-cc.ru/products/8shth6g8shth15g-kofe-absolut-latte-karamel-kapsuly-dg;399;399;ABSOLUT
531031;Кофе Alta Roma Intenso в зернах, 1кг;https://online.metro-cc.ru/products/kofe-alta-roma-intenso-v-zernakh-1kg;1289;1199;ALTA ROMA
226465;Кофе Alta Roma Vero в зернах, 1кг;https://online.metro-cc.ru/products/kofe-alta-roma-vero-v-zernakh-1kg;1399;1399;ALTA ROMA
365548;Кофе Alta Roma Espresso в зернах, 1кг;https://online.metro-cc.ru/products/kofe-alta-roma-espresso-v-zernakh-1kg;1049;1049;ALTA ROMA
226466;Кофе Alta Roma Caffe Latte в зернах, 1кг;https://online.metro-cc.ru/products/kofe-alta-roma-caffe-latte-v-zernakh-1kg;1289;1289;ALTA ROMA
226467;Кофе Alta Roma Caffe Latte молотый, 250г;https://online.metro-cc.ru/products/kofe-alta-roma-caffe-latte-molotiy-250g;279;279;ALTA ROMA
546341;Кофе Ambassador Nero Espresso Roast в зернах, 1кг;https://online.metro-cc.ru/products/ambassador-v-zernah-naturalnyj-zharenyj-nero-1kg;799;779;AMBASSADOR
102232;Кофе Ambassador Gold Label в зернах, 1кг;https://online.metro-cc.ru/products/ambassador-gold-label-v-zernah-1000g;1609;1299;AMBASSADOR
665877;Кофе Ambassador Blue Label в зернах, 1кг;https://online.metro-cc.ru/products/ambassador-blue-label-zernovoj-1000-g;1759;1399;AMBASSADOR
599512;Кофе Ambassador Platinum в зернах, 1кг;https://online.metro-cc.ru/products/ambassador-naturalnyj-zharenyj-platinum-1kg;1409;1299;AMBASSADOR
463833;Кофе Ambassador Platinum растворимый, 190г;https://online.metro-cc.ru/products/ambassador-platinum-190g;569;529;AMBASSADOR
482361;Кофе Ambassador Platinum растворимый, 150г;https://online.metro-cc.ru/products/ambassador-platinum-150g;479;399;AMBASSADOR
632162;aro Кофе 3в1 классик (100 пакетиков x 16г), 1.6кг;https://online.metro-cc.ru/products/aro-3v1-klassik-100h16g;759;759;ARO
632120;aro Кофе растворимый сублимированный, 900г;https://online.metro-cc.ru/products/aro-sublimirovannyj-900g;1779;1779;ARO
147698;aro Кофе растворимый сублимированный, ст/б 80г;https://online.metro-cc.ru/products/sublimirovannyj-aro-80g;169;169;ARO
134491;aro Кофе натуральный жареный молотый, 500г;https://online.metro-cc.ru/products/500g-kofe-aro-molotyy;409;409;ARO
508637;Кофе Bushido Red Katana растворимый сублимированный, 100г;https://online.metro-cc.ru/products/art_508637;1029;849;BUSHIDO
36574;Кофе Bushido Red Katana в зернах, 1кг;https://online.metro-cc.ru/products/bushido-red-1000g;2569;1999;BUSHIDO
407889;Кофе Bushido Original растворимый, 100г;https://online.metro-cc.ru/products/bushido-sublimirovannyj-original-100g;809;699;BUSHIDO
110546;Кофе Bushido Black Katana в зернах, 1кг;https://online.metro-cc.ru/products/kofe-zernovoj-bushido-black-katana-1000g;2699;1999;BUSHIDO
59002;Кофе Bushido Sensei молотый, 227г;https://online.metro-cc.ru/products/art_59002;739;459;BUSHIDO
59003;Кофе Bushido Sensei в зернах, 227г;https://online.metro-cc.ru/products/bushido-sensei-227g;699;499;BUSHIDO
598958;Кофе Bushido Kodo растворимый, 95г;https://online.metro-cc.ru/products/bushido-v-kristallah-kodo-95g;989;699;BUSHIDO
59005;Кофе Bushido Red Katana в зернах, 227г;https://online.metro-cc.ru/products/art_59005;679;499;BUSHIDO
528358;Кофе Bushido Black Katana растворимый, 100г;https://online.metro-cc.ru/products/bushido-sublimirovannyj-black-katana-100g;1039;899;BUSHIDO
209740;Кофе Bushido Light Katana растворимый, 100г;https://online.metro-cc.ru/products/100g-kofe-bushido-light-katana-rastvorimyy;999;849;BUSHIDO
59004;Кофе Bushido Red Katana молотый, 227г;https://online.metro-cc.ru/products/art_59004;669;549;BUSHIDO
75973;Кофе Bushido Specialty молотый, 227г;https://online.metro-cc.ru/products/art_75973;739;699;BUSHIDO
75962;Кофе Bushido Specialty в зернах, 227г;https://online.metro-cc.ru/products/bushido-specialty-227g-75962;739;699;BUSHIDO
107074;Кофе Carraro Primo Mattino в зернах, 1кг;https://online.metro-cc.ru/products/v-zernah-carraro-primo-mattino-1-kg;1649;1649;CARRARO
226933;Кофе Carraro Cafe crema в зернах, 1кг;https://online.metro-cc.ru/products/1kg-kofe-carraro-caffe-crema-v-zernah;1599;1599;CARRARO
107073;Кофе Carraro Crema Italiano в зернах, 1кг;https://online.metro-cc.ru/products/v-zernah-caffe-carraro-crema-italiano-1-kg;1749;1749;CARRARO
221905;Кофе в капсулах Carraro Decerato для кофемашин Nespresso 10шт, 55г;https://online.metro-cc.ru/products/10shtx55g-kofe-carraro-v-alyum-kapsulah-decerato;439;369;CARRARO
112990;Кофе Carraro Arabica 100% в зернах, 500г;https://online.metro-cc.ru/products/v-zernah-carraro-arabica-100-500-g;1179;1179;CARRARO
112991;Кофе Carraro Qualita Oro в зернах, 500г;https://online.metro-cc.ru/products/v-zernah-carraro-qualita-oro-500-g;1269;1269;CARRARO
221903;Кофе в капсулах Carraro Intenso для кофемашин Nespresso 10шт, 55г;https://online.metro-cc.ru/products/10shtx55g-kofe-carraro-v-alyum-kapsulah-intenso;439;369;CARRARO
221904;Кофе в капсулах Carraro Ristretto для кофемашин Nespresso 10шт, 55г;https://online.metro-cc.ru/products/10shtx55g-kofe-carraro-v-alyum-kapsulah-ristretto;439;369;CARRARO
221902;Кофе в капсулах Carraro Dolci arabica для кофемашин Nespresso 10шт, 55г;https://online.metro-cc.ru/products/10shtx55g-kofe-carraro-v-alyum-kapsulah-dolci-arabica;439;369;CARRARO
260443;Кофе Carte Noire Instinct растворимый, 95г;https://online.metro-cc.ru/products/art_260443;519;469;CARTE NOIRE
666412;Кофе Carte Noire Privilege сублимированный, 95г;https://online.metro-cc.ru/products/carte-noire-privilege-sublimirovannyj-95-g;519;469;CARTE NOIRE
226348;Кофе Carte Noire Elegant растворимый, 95г;https://online.metro-cc.ru/products/95g-kofe-carte-noire-elegant-rastvorimyy-stb;509;469;CARTE NOIRE
581767;Кофе Carte Noire Original в зернах 800 г;https://online.metro-cc.ru/products/carte-noire-v-zernah-naturalnyj-zharenyj-800g;1549;1299;CARTE NOIRE
226347;Кофе Carte Noire Voyage au Bresil растворимый, 90г;https://online.metro-cc.ru/products/90g-kofe-carte-noire-voyage-au-bresil-rastvorimyy-stb;509;469;CARTE NOIRE
581766;Кофе Carte Noire растворимый (1.8г х 26шт), 47г;https://online.metro-cc.ru/products/rastvorimyj-carte-noire-v-paketikah-18g-26;539;539;CARTE NOIRE
218856;Кофе Carte Noire Crema Delice в зернах, 800г;https://online.metro-cc.ru/products/800g-kofe-carte-noire-crema-delice-zerno;1549;1299;CARTE NOIRE
226334;Кофе в капсулах Carte Noire Riche Espresso для кофемашин Nespresso 10шт, 52г;https://online.metro-cc.ru/products/10shth52g-kofe-carte-noire-riche-espresso-v-kapsulah;469;469;CARTE NOIRE
226337;Напиток кофейный Carte Noire Cappuccino растворимый 20 пакетиков, 300г;https://online.metro-cc.ru/products/20shth15g-nap-kofeynyy-carte-noire-cappuccino-rastv-ports;679;679;CARTE NOIRE
426443;Кофе Carte Noire Original растворимый сублимированный, 75г;https://online.metro-cc.ru/products/art_426443;469;399;CARTE NOIRE
201556;Кофе Carte Noire Intense Absolu в зернах, 800г;https://online.metro-cc.ru/products/800g-kofe-carte-noire-intense-absolu-zernovoy;1549;1299;CARTE NOIRE
75654;Кофе Carte Noire Original растворимый сублимированный, 190г;https://online.metro-cc.ru/products/carte-noire-sublimirovannyj-original-190g;1169;979;CARTE NOIRE
226335;Кофе в капсулах Carte Noire Lungo Profond для кофемашин Nespresso 10шт, 52г;https://online.metro-cc.ru/products/10shth52g-kofe-carte-noire-lungo-profond-v-kapsulah;469;469;CARTE NOIRE
426450;Кофе Carte Noire Original растворимый сублимированный, 150г;https://online.metro-cc.ru/products/carte-noire-sublimirovannyj-original-150g;919;769;CARTE NOIRE
226333;Кофе в капсулах Carte Noire Colombia Origin для кофемашин Nespresso 10шт, 52г;https://online.metro-cc.ru/products/10shth52g-kofe-carte-noire-colombia-origin-v-kapsulah;469;469;CARTE NOIRE
218855;Кофе Carte Noire Original молотый, 230г;https://online.metro-cc.ru/products/230g-kofe-carte-noire-original-molotyy;529;449;CARTE NOIRE
226338;Напиток кофейный Carte Noire Vanilla latte растворимый 20 пакетиков, 320г;https://online.metro-cc.ru/products/20shth16g-nap-kofeynyy-carte-noire-vanilla-latte-rastv-ports;679;679;CARTE NOIRE
219223;Кофе Coferium Strong в зернах, 1кг;https://online.metro-cc.ru/products/1kg-kofe-coferium-strong-v-zernah;1179;1179;COFERIUM
219222;Кофе Coferium White roast в зернах, 1кг;https://online.metro-cc.ru/products/1kg-kofe-coferium-white-roast-v-zernah;1539;1539;COFERIUM
219193;Кофе Coferium Gold selection в зернах, 1кг;https://online.metro-cc.ru/products/1kg-kofe-coferium-gold-selection-v-zernah;1569;1569;COFERIUM
72533;Набор кофе в капсулах Coffesso для кофемашин Nespresso ассорти 50шт, 250г;https://online.metro-cc.ru/products/coffesso-nabor-v-kapsulah-50-sht-h-5-g;1479;1099;COFFESSO
44941;Кофе Dallmayr Crema Prodomo в зернах, 1кг;https://online.metro-cc.ru/products/dallmayr-crema-prodomo-v-zernah-1000-g;2199;2199;DALLMAYR
456926;Кофе Dallmayr Crema d'Oro натуральный жареный в зернах, 1кг;https://online.metro-cc.ru/products/dallmayr-v-zernah-naturalnyj-zharenyj-crema-d-039oro-1kg;2189;2189;DALLMAYR
298849;Кофе Dallmayr Prodomo жареный в зернах, 500г;https://online.metro-cc.ru/products/dallmayr-v-zernah-naturalnyj-zharenyj-prodomo-500g;1139;1139;DALLMAYR
44940;Кофе Dallmayr Espresso d`Oro в зернах, 1кг;https://online.metro-cc.ru/products/art_44940;2209;2209;DALLMAYR
44435;Кофе Dallmayr Classic молотый, 250г;https://online.metro-cc.ru/products/dallmayr-classic-250-g;529;529;DALLMAYR
44503;Кофе Dallmayr Prodomo молотый, 250г;https://online.metro-cc.ru/products/dallmayr-prodomo-250-g;599;599;DALLMAYR
388183;Кофе Dallmayr Ethiopia в зернах, 500г;https://online.metro-cc.ru/products/molotyj-dallmayr-efiopiya-500g;1349;1349;DALLMAYR
112993;Кофе Egoiste трюфель крема в зернах, 1кг;https://online.metro-cc.ru/products/kofe-v-zernah-egoiste-tryufel-krema-1kg;2199;1699;EGOISTE
580564;Кофе Egoiste Arabica Premium натуральный жареный в зернах, 1кг;https://online.metro-cc.ru/products/egoiste-v-zernah-naturalnyj-zharenyj-arabica-premium-1kg;2369;1699;EGOISTE
528357;Кофе Egoiste Platinum, 100г;https://online.metro-cc.ru/products/egoiste-platinum-100-g;1099;899;EGOISTE
112992;Кофе Egoiste гранд крю в зернах, 1кг;https://online.metro-cc.ru/products/kofe-v-zernah-egoiste-grand-kryu-1kg;2299;1899;EGOISTE
598959;Кофе Egoiste Noir растворимый сублимированный, 100г;https://online.metro-cc.ru/products/egoiste-sublimirovannyj-noir-100g;749;749;EGOISTE
407891;Кофе Egoiste Special растворимый сублимированный с молотым, 100г;https://online.metro-cc.ru/products/egoiste-sublimirovannnyj-s-molotym-special-100g;999;899;EGOISTE
72873;Кофе Egoiste Double Espresso, 100г;https://online.metro-cc.ru/products/egoiste-double-espresso-100g;729;729;EGOISTE
228292;Кофе Egoiste Truffle молотый, 250г;https://online.metro-cc.ru/products/250g-kofe-egoiste-truffle-molotyy;619;619;EGOISTE
590985;Кофе Egoiste Very Special растворимый сублимированный, 100г;https://online.metro-cc.ru/products/egoiste-sublimirovannyj-very-special-100g;999;899;EGOISTE
508640;Кофе Egoiste Noir молотый, 250г;https://online.metro-cc.ru/products/egoiste-naturalnyj-zharenyj-250g;669;569;EGOISTE
553579;Кофе Egoiste Espresso натуральный молотый жареный, 250г;https://online.metro-cc.ru/products/art_553579;509;449;EGOISTE
228285;Кофе Egoiste Captain в зернах, 1кг;https://online.metro-cc.ru/products/1kg-kofe-egoiste-captain-v-zernah;2349;2349;EGOISTE
636528;Кофе Egoiste Velvet молотый, 200г;https://online.metro-cc.ru/products/egoiste-velvet-200g;569;499;EGOISTE
636529;Кофе Egoiste Velvet в зернах, 200г;https://online.metro-cc.ru/products/egoiste-velvet-200-g;679;569;EGOISTE
59006;Кофе Egoiste Noir растворимый, 70г;https://online.metro-cc.ru/products/egoiste-noir-70g;389;349;EGOISTE
59000;Кофе Egoiste Velvet растворимый, 95г;https://online.metro-cc.ru/products/egoiste-velvet-95g;1099;989;EGOISTE
508641;Кофе Egoiste Noir в зернах, 250г;https://online.metro-cc.ru/products/egoiste-naturalnyj-zharenyj-v-zernah-noir-250g;669;569;EGOISTE
209743;Кофе Egoiste Private растворимый, 100г;https://online.metro-cc.ru/products/100g-kofe-egoiste-private-rastvorimyy;1099;989;EGOISTE
636530;Кофе Egoiste Espresso в зернах, 250г;https://online.metro-cc.ru/products/egoiste-espresso-250g;639;529;EGOISTE
228291;Кофе Egoiste Voyage в зернах, 1кг;https://online.metro-cc.ru/products/1kg-kofe-egoiste-voyage-v-zernah;2369;2369;EGOISTE
44332;Кофе Egoiste Espresso в зернах, 1кг;https://online.metro-cc.ru/products/egoiste-espresso-1000g;2349;1799;EGOISTE
228811;Кофе Fort в зернах, 1кг;https://online.metro-cc.ru/products/1kg-kofe-fort-zerno;789;699;FORT
104561;Кофе Fresco Blend в зернах, 1кг;https://online.metro-cc.ru/products/fresco-blend-1000g;1309;1090;FRESCO
228778;Кофе Fresco Horeca arabica в зернах, 1кг;https://online.metro-cc.ru/products/1kg-kofe-fresco-horeca-arabica-zerno;1799;1099;FRESCO
526503;Кофе Fresco Arabica Doppio молотый в растворимом, 100г;https://online.metro-cc.ru/products/fresco-naturalnyj-s-dobavleniem-naturalnogo-zharenogo-molotogo-arabica-doppio-100g;499;249;FRESCO
423210;Кофе Fresco Arabica Blend натуральный растворимый, 100г;https://online.metro-cc.ru/products/fresco-naturalnyj-arabica-blend-100g;499;249;FRESCO
227973;Кофе Fresco Arabica blend молотый, 250г;https://online.metro-cc.ru/products/kofe-fresco-arabica-blend-molotyy-250g;349;349;FRESCO
227971;Кофе Fresco Arabica blend растворимый, 190г;https://online.metro-cc.ru/products/kofe-fresco-arabica-blend-rastvorimyy-190g;529;499;FRESCO
227972;Кофе Fresco Arabica Solo растворимый, 190г;https://online.metro-cc.ru/products/kofe-fresco-arabica-solo-rastvorimyy-190g;529;499;FRESCO
228781;Кофе Fresco Liberty в зернах, 900г;https://online.metro-cc.ru/products/900g-kofe-fresco-liberty-zerno;1199;1199;FRESCO
59409;Кофе Fresco Arabica Solo в зернах, 1кг;https://online.metro-cc.ru/products/fresco-arabica-solo-v-zernah-1000-g;1309;1090;FRESCO
214904;Кофе Fresco Arabica Blend в зернах, 200г;https://online.metro-cc.ru/products/200g-kofe-fresco-arabica-blend-zerno;274;219;FRESCO
227974;Кофе Fresco Arabica solo молотый для чашек и турок, 250г;https://online.metro-cc.ru/products/kofe-fresco-arabica-solo-molotyy-dlya-chashek-i-turok-250g;349;349;FRESCO
611606;Кофе Illy средней обжарки в зернах, 250г;https://online.metro-cc.ru/products/v-zernah-illy-srednej-obzharki-250g;1289;1090;ILLY
611603;Кофе Illy темная обжарка молотый, 250г;https://online.metro-cc.ru/products/illy-temnaya-obzharka-250g;1499;1399;ILLY
230025;Кофе Illy без кофеина молотый, 250г;https://online.metro-cc.ru/products/kofe-illy-bez-kofeina-molotyy-250g;1359;1359;ILLY
59569;Кофе Illy Brazil arabica selection в зернах, 250г;https://online.metro-cc.ru/products/illy-arabika-250-g;1289;1090;ILLY
59570;Кофе Illy Guatemala arabica selection в зернах, 250г;https://online.metro-cc.ru/products/v-zernah-illy-guatemala-zh-b-250-g;1289;1090;ILLY
611605;Кофе Illy средней обжарки молотый, 250г;https://online.metro-cc.ru/products/illy-srednej-obzharki-250g;1499;1399;ILLY
611604;Кофе Illy темная обжарка в зернах, 250г;https://online.metro-cc.ru/products/v-zernah-illy-temnaya-obzharka-250g;1289;1090;ILLY
230024;Кофе Illy без кофеина в зернах, 250г;https://online.metro-cc.ru/products/kofe-illy-bez-kofeina-zernovoy-250g;1359;1359;ILLY
226934;Кофе Italco Espresso Italiano в зернах, 1кг;https://online.metro-cc.ru/products/1kg-kofe-italco-espresso-italiano-v-zernah;1769;1769;ITALCO
74090;Кофе Jacobs Monarch растворимый (1.8г х 26шт), 47г;https://online.metro-cc.ru/products/jacobs-monarch-26x18g;449;449;JACOBS
655857;Кофе Jacobs Crema в зернах, 1кг;https://online.metro-cc.ru/products/jacobs-crema-zernovoj-1kg;1489;1249;JACOBS
448263;Кофе Jacobs Millicano молотый в растворимом, 75г;https://online.metro-cc.ru/products/jacobs-monarch-molotyj-millicano-75g;274;229;JACOBS
132207;Кофе Jacobs Barista Crema в зернах, 800г;https://online.metro-cc.ru/products/kofe-jacobs-barista-crema-zernovoy-800g;1419;1419;JACOBS
133789;Напиток кофейный Jacobs 3в1 Классический 50 пакетиков, 675г;https://online.metro-cc.ru/products/napitok-kofeynyy-jacobs-3v1-klassicheskiy-50x135g;699;589;JACOBS
76039;Кофе в капсулах Jacobs Espresso №7 Classico для кофемашин Nespresso 10шт, 52г;https://online.metro-cc.ru/products/jacobs-espresso-7-classico-10sht;329;279;JACOBS
559281;Кофе Jacobs Monarch классический растворимый сублимированный, 240г;https://online.metro-cc.ru/products/jacobs-monarch-sublimirovannyj-klassicheskij-240g;1069;1069;JACOBS
201559;Кофе Jacobs Barista Editions Italiano в зернах, 800г;https://online.metro-cc.ru/products/800g-kofe-jacobs-barista-editions-italiano-zernovoy;1419;1419;JACOBS
215059;Кофе Jacobs Monarch в зернах, 230г;https://online.metro-cc.ru/products/230g-kofe-jacobs-monarch-zerno;349;319;JACOBS
426452;Кофе Jacobs Monarch растворимый сублимированный, 75г;https://online.metro-cc.ru/products/jacobs-monarch-sublimirovannyj-75g;241;219;JACOBS
120797;Кофе Jacobs Monarch растворимый, 270г;https://online.metro-cc.ru/products/270g-jacobs-monarch;1119;749;JACOBS
226349;Кофе Jacobs Crema растворимый, 95г;https://online.metro-cc.ru/products/95g-kofe-jacobs-crema-rastvorimyy-stb;409;409;JACOBS
655858;Кофе Jacobs Espresso жареный в зернах, 1кг;https://online.metro-cc.ru/products/jacobs-espresso-zernovoj-1kg;1489;1249;JACOBS
133790;Напиток кофейный Jacobs 3в1 Крепкий 50 пакетиков, 675г;https://online.metro-cc.ru/products/napitok-kofeynyy-jacobs-3v1-krepkiy-50x135g;799;589;JACOBS
95644;Кофе Jacobs Monarch растворимый сублимированный, 190г;https://online.metro-cc.ru/products/jacobs-monarch-sublimirovannyj-190g;649;649;JACOBS
226336;Кофе в капсулах Jacobs Lungo 8 Intenso для кофемашин Nespresso 10шт, 52г;https://online.metro-cc.ru/products/10shth52g-kofe-jacobs-lungo-8-intenso-v-kapsulah;329;329;JACOBS
413414;Кофе Jacobs Monarch растворимый, 95г;https://online.metro-cc.ru/products/jacobs-monarch-sublimirovannyj-95g;419;419;JACOBS
426458;Кофе Jacobs Monarch растворимый сублимированный, 150г;https://online.metro-cc.ru/products/jacobs-monarch-sublimirovannyj-150g;679;679;JACOBS
598758;Кофе Jacobs Gold растворимый сублимированный, 95г;https://online.metro-cc.ru/products/jacobs-sublimirovannyj-gold-95g;449;449;JACOBS
201564;Кофе Jacobs Barista Editions Crema молотый, 230г;https://online.metro-cc.ru/products/230g-kofe-jacobs-barista-editions-crema-molotyy;459;459;JACOBS
581769;Кофе Jacobs Monarch Классический в зернах, 800г;https://online.metro-cc.ru/products/jacobs-monarch-klassicheskij-v-zernah-800-g;1169;999;JACOBS
76036;Кофе в капсулах Jacobs Espresso №10 Intenso для кофемашин Nespresso 10шт, 52г;https://online.metro-cc.ru/products/jacobs-espresso-10-intenso-10sht;329;279;JACOBS
469363;Кофе Jardin Guatemala Atitlan натуральный растворимый, 95г;https://online.metro-cc.ru/products/jardin-guatemala-atitlan-naturalnyj-95-g;286;239;JARDIN
119136;Кофе в капсулах Jardin Vanillia Rich&Sweet для кофемашин Nespresso 10шт, 50г;https://online.metro-cc.ru/products/10h5g-jardin-vanillia;389;389;JARDIN
494570;Кофе Jardin Colombia Supremo натуральный жареный в зернах, 1кг;https://online.metro-cc.ru/products/jardin-v-zernah-naturalnyj-zharenyj-colombia-supremo-1kg;1799;1399;JARDIN
633254;Кофе Jardin Эспрессо ди Милано в зернах, 1кг;https://online.metro-cc.ru/products/jardin-v-zernah-naturalnyj-zharenyj-espresso-di-milano-1kg;1599;1099;JARDIN
119137;Кофе в капсулах Jardin Vivo Mild&Fruity для кофемашин Nespresso 10шт, 50г;https://online.metro-cc.ru/products/10h5g-jardin-vivo;389;389;JARDIN
635596;Кофе Jardin Bravo Бразилия в зернах, 1кг;https://online.metro-cc.ru/products/jardin-bravo-braziliya-1kg;2349;1399;JARDIN
469362;Кофе Jardin Colombia Medellin натуральный растворимый сублимированный, 95г;https://online.metro-cc.ru/products/jardin-naturalnyj-sublimirovannyj-colombia-medellin-95g;286;239;JARDIN
228236;Кофе Jardin Gold растворимый, 95г;https://online.metro-cc.ru/products/95g-kofe-jardin-gold-rastvorimyy-stb;389;239;JARDIN
459849;Кофе Jardin Colombia Medelin растворимый сублимированный, 150г;https://online.metro-cc.ru/products/jardin-sublimirovannyj-colombia-medelin-150g;529;529;JARDIN
215682;Кофе Jardin Oro в зернах, 1кг;https://online.metro-cc.ru/products/1kg-kofe-jardin-original-oro-zernovoy;1999;1399;JARDIN
469367;Кофе Jardin Kenya Kilimanjaro растворимый, 95г;https://online.metro-cc.ru/products/jardin-kenya-kilimanjaro-95-g;286;239;JARDIN
561302;Кофе Jardin Americano Crema в зернах, 1кг;https://online.metro-cc.ru/products/jardin-americano-crema-1000-g;1599;1099;JARDIN
119139;Кофе в капсулах Jardin Ristretto Intense&Full Bodied для кофемашин Nespresso 10шт, 50г;https://online.metro-cc.ru/products/10h5g-jardin-ristretto;389;389;JARDIN
119138;Кофе в капсулах Jardin Andante Strong&Velvet для кофемашин Nespresso 10шт, 50г;https://online.metro-cc.ru/products/10h5g-jardin-andante;389;389;JARDIN
533474;Кофе Jardin Espresso di Milano натуральный молотый жареный, 250г;https://online.metro-cc.ru/products/jardin-naturalnyj-zharenyj-espresso-di-milano-250g;449;449;JARDIN
101496;Кофе Jardin Dessert Capuccino в зернах, 1кг;https://online.metro-cc.ru/products/jardin-dessert-capuccino-1000g;1669;1289;JARDIN
101497;Кофе Jardin Eclair в зернах, 1кг;https://online.metro-cc.ru/products/jardin-eclair-1000g;1669;1289;JARDIN
459854;Кофе Jardin Guatemala Atitlan растворимый, 150г;https://online.metro-cc.ru/products/jardin-guatemala-atitlan-150g;529;529;JARDIN
119135;Кофе в капсулах Jardin Allonge Smooth&Silky для кофемашин Nespresso 10шт, 50г;https://online.metro-cc.ru/products/10h5g-jardin-allonge;389;389;JARDIN
228239;Кофе Jardin Колумбия Меделлин растворимый, 75г;https://online.metro-cc.ru/products/75g-kofe-jardin-kolumbiya-medellin-rastvorimyy;285;179;JARDIN
232419;Кофе Jardin Guatemala Atitlan растворимый, 190г;https://online.metro-cc.ru/products/190g-kofe-jardin-guatemala-atitlan-rastvorimyy-stb;779;779;JARDIN
228230;Кофе Jardin Original Oro молотый, 250г;https://online.metro-cc.ru/products/250g-kofe-jardin-original-oro-molotyy;569;569;JARDIN
373043;Кофе Jardin Dessert Сup молотый натуральный жареный, 250г;https://online.metro-cc.ru/products/jardin-naturalnyj-zharenyj-dessert-sup-250g;499;499;JARDIN
119134;Кофе Jardin Columbia Supremo молотый, 250г;https://online.metro-cc.ru/products/250g-jardin-kolumbiya-supremo-mol;589;589;JARDIN
232417;Кофе Jardin Colombia Medellin растворимый, 240г;https://online.metro-cc.ru/products/240g-kofe-jardin-colombia-medellin-rastvorimyy;919;919;JARDIN
228234;Кофе Jardin Gold растворимый, 240г;https://online.metro-cc.ru/products/240g-kofe-jardin-gold-rastvorimyy;839;839;JARDIN
615407;Кофе Jardin Americano Crema натуральный жареный молотый, 250г;https://online.metro-cc.ru/products/jardin-almericano-crema-naturalnyj-zharenyj-250g;469;469;JARDIN
599071;Кофе Jardin Kenya Kilimanjaro растворимый сублимированный, 150г;https://online.metro-cc.ru/products/jardin-kenya-kilimanjaro-sublimirovannyj-150g;529;529;JARDIN
228235;Кофе Jardin Gold растворимый, 190г;https://online.metro-cc.ru/products/190g-kofe-jardin-gold-rastvorimyy-stb;709;499;JARDIN
228237;Кофе Jardin Kenya Kilimanjaro растворимый, 75г;https://online.metro-cc.ru/products/75g-kofe-jardin-keniya-kilimandzharo-rastvorimyy;229;199;JARDIN
228238;Кофе Jardin Гватемала Атитлан растворимый, 75г;https://online.metro-cc.ru/products/75g-kofe-jardin-gvatemala-atitlan-rastvorimyy;229;199;JARDIN
220015;Кофе Julius Meinl Espresso Gran Aroma в зернах, 1кг;https://online.metro-cc.ru/products/1kg-kofe-julius-meinl-espresso-gran-aroma-zerno;1859;1859;JULIUS MEINL
220013;Кофе Julius Meinl Cafe Crema Gourmet в зернах, 1кг;https://online.metro-cc.ru/products/1kg-kofe-julius-meinl-cafe-crema-gourmet-zerno;1859;1859;JULIUS MEINL
220012;Кофе Julius Meinl Espresso Deluxe в зернах, 1кг;https://online.metro-cc.ru/products/1kg-kofe-julius-meinl-espresso-deluxe-zerno;2379;2379;JULIUS MEINL
654818;Кофе Julius Meinl Сaffe Crema Premium Collection в зернах, 1кг;https://online.metro-cc.ru/products/julius-meinl-krema-premium-1kg;2089;2089;JULIUS MEINL
62828;Кофе Julius Meinl Президент классическая коллекция в зернах, 1кг;https://online.metro-cc.ru/products/julius-meinl-prezident-1000g;2039;2039;JULIUS MEINL
77948;Кофе Julius Meinl Эспрессо в зернах, 500г;https://online.metro-cc.ru/products/julius-meinl-v-zernah-naturalnyj-zharenyj-president-grande-espresso-500g;1459;1459;JULIUS MEINL
654820;Кофе Julius Meinl Caffe Crema Intenso Trend Collection в зернах, 1кг;https://online.metro-cc.ru/products/v-zernah-julius-meinl-krema-intenso-trend-kollekciya-1000g;1749;1749;JULIUS MEINL
395462;Кофе Julius Meinl Президент в зернах, 500г;https://online.metro-cc.ru/products/julius-meinl-v-zernah-naturalnyj-zharenyj-president-500g;959;959;JULIUS MEINL
666415;Кофе Julius Meinl Юбилейный молотый, 250г;https://online.metro-cc.ru/products/yubilejnyj-julius-meinl-250-g;589;449;JULIUS MEINL
234393;Кофе Julius Meinl Melange Венская коллекция молотый, 220г;https://online.metro-cc.ru/products/kofe-julius-meinl-melange-venskaya-kollektsiya-molotyy-220g;719;719;JULIUS MEINL
234392;Кофе Julius Meinl без кофеина зерновой, 500г;https://online.metro-cc.ru/products/kofe-julius-meinl-bez-kofeina-zernovoy-500g;1809;1809;JULIUS MEINL
654817;Кофе Julius Meinl Trend Collection Espresso Classico в зернах, 1кг;https://online.metro-cc.ru/products/julius-meinl-espresso-trend-1kg;2099;2099;JULIUS MEINL
213623;Кофе в капсулах Julius Meinl Lungo Forte Bio для кофемашин Nespresso 10шт, 56г;https://online.metro-cc.ru/products/10h56g-kofe-julius-meinl-lungo-forte-v-biorazl-kaps;669;669;JULIUS MEINL
88215;Кофе Julius Meinl Король Хадрамаут в зернах, 250г;https://online.metro-cc.ru/products/julius-meinl-korol-hadramut-250g;989;949;JULIUS MEINL
100815;Кофе в капсулах Julius Meinl Espresso Crema Bio для кофемашин Nespresso 10шт, 56г;https://online.metro-cc.ru/products/julius-meinl-espresso-krema-10sht;669;669;JULIUS MEINL
100814;Кофе в капсулах Julius Meinl Ristretto Intenso Bio для кофемашин Nespresso 10шт, 56г;https://online.metro-cc.ru/products/julius-meinl-ristretto-kapuchino-v-biorazlive-56g-10;669;669;JULIUS MEINL
654819;Кофе Julius Meinl Espresso Premium Collection в зернах, 1кг;https://online.metro-cc.ru/products/v-zernah-julius-meinl-espresso-premium-kollekciya-1000g;2309;2309;JULIUS MEINL
384608;Кофе Julius Meinl Юбилейный в зернах, 500г;https://online.metro-cc.ru/products/julius-meinl-v-zernah-naturalnyj-zharenyj-jubileum-500g;989;989;JULIUS MEINL
104611;Кофе Julius Meinl Президент классическая коллекция в зернах, 250г;https://online.metro-cc.ru/products/julius-meinl-president-250g;499;409;JULIUS MEINL
104612;Кофе Julius Meinl Юбилейный в зернах, 250г;https://online.metro-cc.ru/products/julius-meinl-yubilejnyj-250g;569;449;JULIUS MEINL
62187;Кофе Julius Meinl Prasident молотый, 250г;https://online.metro-cc.ru/products/julius-meinl-president-classic-collection-250g;519;409;JULIUS MEINL
104610;Кофе Julius Meinl Юбилейный классическая коллекция в зернах, 1кг;https://online.metro-cc.ru/products/yubilejnyj-julius-meinl-1000g;1989;1989;JULIUS MEINL
234390;Кофе Julius Meinl Buonaroma молотый, 220г;https://online.metro-cc.ru/products/kofe-julius-meinl-buonaroma-molotyy-220g;519;519;JULIUS MEINL
100813;Кофе в капсулах Julius Meinl Lungo Classico Bio для кофемашин Nespresso 10шт, 56г;https://online.metro-cc.ru/products/julius-meinl-lungo-classico-10-56g;669;669;JULIUS MEINL
658721;Кофе Kimbo Caffe crema classico light в зернах, 1кг;https://online.metro-cc.ru/products/kimbo-dolche-krem-1kg;2059;2059;KIMBO
629014;Кофе Kimbo Aroma Gold Arabica в зернах, 1кг;https://online.metro-cc.ru/products/kimbo-v-zernah-aroma-gold-arabica-1kg;2799;2799;KIMBO
629008;Кофе Kimbo Intenso в зернах, 1кг;https://online.metro-cc.ru/products/kimbo-intenso-1kg;1729;1729;KIMBO
376494;Кофе Kimbo Extra Cream в зернах, 1кг;https://online.metro-cc.ru/products/kimbo-extra-cream-v-zernah-1-kg;1879;1879;KIMBO
60434;Кофе Kimbo Integrity Bio в зернах, 1кг;https://online.metro-cc.ru/products/kimbo-integrity-bio-1-kg;2349;2349;KIMBO
123862;Кофе Kimbo Caffe Crema Dolce Medium в зернах, 1кг;https://online.metro-cc.ru/products/1kg-kimbo-caffe-crema-dolce-medium;2259;2259;KIMBO
376496;Кофе Kimbo Superior Blend натуральный жареный в зернах, 1кг;https://online.metro-cc.ru/products/kimbo-v-zernah-naturalnyj-zharenyj-superior-blend-1kg;1999;1999;KIMBO
629006;Кофе Kimbo Espresso в зернах, 1кг;https://online.metro-cc.ru/products/kimbo-espresso-v-zernah-1-kg;2169;2169;KIMBO
637203;Кофе в капсулах L’or Espresso Lungo Profondo для кофемашин Nespresso 10шт, 52г;https://online.metro-cc.ru/products/l-rsquoor-lungo-profondo-52-g;409;369;L'OR
637204;Кофе в капсулах L’or Espresso Forza для кофемашин Nespresso 10шт, 52г;https://online.metro-cc.ru/products/l-rsquoor-espr-forza-52-g;409;369;L'OR
637206;Кофе в капсулах L’or Espresso Delizioso для кофемашин Nespresso 10шт, 52г;https://online.metro-cc.ru/products/lor-espresso-delizioso-52-g;409;369;L'OR
637205;Кофе в капсулах L’or Espresso Splendente для кофемашин Nespresso 10шт, 52г;https://online.metro-cc.ru/products/lor-espresso-52-g;409;369;L'OR
637202;Кофе в капсулах L’or Espresso Ristretto для кофемашин Nespresso 10шт, 52г;https://online.metro-cc.ru/products/l-rsquoor-ristretto-52-g;409;369;L'OR
427833;Кофе Lavazza Qualita Oro натуральный жареный в зернах, 1кг;https://online.metro-cc.ru/products/v-zernah-lavazza-naturalnyj-zharenyj-qualita-oro-1kg;2309;2309;LAVAZZA
586897;Кофе Lavazza Crema e Aroma натуральный жареный в зернах, 1кг;https://online.metro-cc.ru/products/lavazza-v-zernah-naturalnyj-zharenyj-crema-e-aroma-1kg;2329;2329;LAVAZZA
32459;Кофе Lavazza Crema e Gusto Classico молотый, 250г;https://online.metro-cc.ru/products/lavazza-naturalnyj-zharenyj-crema-e-gusto-250g;439;439;LAVAZZA
32456;Кофе Lavazza Qualita Oro молотый, 250г;https://online.metro-cc.ru/products/lavazza-naturalnyj-zharenyj-oro-250g;589;589;LAVAZZA
208701;Кофе Lavazza Expert Gusto Forte в зернах, 1кг;https://online.metro-cc.ru/products/1kg-kofe-lavazza-expert-gusto-forte-v-zernah;1809;1809;LAVAZZA
578056;Кофе Lavazza Caffe Espresso натуральный жареный в зернах, 1кг;https://online.metro-cc.ru/products/v-zernah-lavazza-naturalnyj-zharenyj-caffe-espresso-1kg;2539;2539;LAVAZZA
32458;Кофе Lavazza Qualita Rossa молотый, 250г;https://online.metro-cc.ru/products/lavazza-rossa-250g;609;609;LAVAZZA
32457;Кофе Lavazza Espresso Italiano Classico молотый, 250г;https://online.metro-cc.ru/products/lavazza-naturalnyj-zharenyj-espresso-250g;759;759;LAVAZZA
122285;Кофе в капсулах Lavazza Qualita Oro для кофемашин Nespresso 10шт, 55г;https://online.metro-cc.ru/products/10h55g-lavazza-qualita-oro;539;539;LAVAZZA
208702;Кофе Lavazza Expert Crema-Aroma в зернах, 1кг;https://online.metro-cc.ru/products/1kg-kofe-lavazza-expert-cremaaroma-v-zernah;2199;2199;LAVAZZA
208703;Кофе Lavazza Expert Gusto Pieno в зернах, 1кг;https://online.metro-cc.ru/products/1kg-kofe-lavazza-expert-gusto-pieno-v-zernah;1839;1839;LAVAZZA
43053;Кофе Lavazza Qualita Oro молотый, 250г;https://online.metro-cc.ru/products/lavazza-naturalnyj-zharenyj-oro-250g-43053;719;719;LAVAZZA
643475;Кофе Lavazza Rossa в зернах, 1кг;https://online.metro-cc.ru/products/v-zernah-lavazza-rossa-1kg;2289;2289;LAVAZZA
235400;Кофе в капсулах Lavazza Crema e Gusto Dolce для кофемашин Nespresso 10шт, 57г;https://online.metro-cc.ru/products/kofe-lavazza-crema-e-gusto-dolce-10-kapsul-57g;639;639;LAVAZZA
235402;Кофе в капсулах Lavazza Qualita Rossa для кофемашин Nespresso 10шт, 57г;https://online.metro-cc.ru/products/kofe-lavazza-qualita-rossa-10-kapsul-57g;639;639;LAVAZZA
235403;Кофе в капсулах Lavazza Crema E Gusto Classico для кофемашин Nespresso 10шт, 57г;https://online.metro-cc.ru/products/kofe-lavazza-crema-e-gusto-classico-10-kapsul-57g;639;639;LAVAZZA
235401;Кофе в капсулах Lavazza Tierra for planet для кофемашин Nespresso 10шт, 55г;https://online.metro-cc.ru/products/kofe-lavazza-tierra-for-planet-10-kapsul-57g;639;639;LAVAZZA
221908;Кофе в капсулах Lebo Espresso Collection для кофемашин Nespresso 40шт, 220г;https://online.metro-cc.ru/products/40shth55g-kofe-lebo-espresso-collection-banka;1349;1099;LEBO
221909;Кофе в капсулах Lebo Espresso Crema для кофемашин Nespresso 40 шт, 220г;https://online.metro-cc.ru/products/40shth55g-kofe-lebo-espresso-crema-banka;1259;1099;LEBO
221910;Кофе в капсулах Lebo Espresso Italiano для кофемашин Nespresso 40шт, 220г;https://online.metro-cc.ru/products/40shth55g-kofe-lebo-espresso-italiano-banka;1199;1099;LEBO
226342;Кофе Lebo Gold в зернах, 1кг;https://online.metro-cc.ru/products/1kg-kofe-lebo-gold-v-zernah;1789;1399;LEBO
226341;Кофе Lebo Classic в зернах, 1кг;https://online.metro-cc.ru/products/1kg-kofe-lebo-classic-v-zernah;1369;1199;LEBO
226346;Кофе в капсулах Lebo Latte macchiato для кофемашин Dolce Gusto 16шт, 172г;https://online.metro-cc.ru/products/8shth65g8shth15g-kofe-lebo-latte-macchiato-v-kapsulah;709;499;LEBO
226345;Кофе в капсулах Lebo Cappuccino для кофемашин Dolce Gusto 16шт, 172г;https://online.metro-cc.ru/products/8shth65g8shth15g-kofe-lebo-cappuccino-v-kapsulah;709;499;LEBO
226343;Кофе Lebo Classic в зернах, 250г;https://online.metro-cc.ru/products/250g-kofe-lebo-classic-v-zernah;439;339;LEBO
226339;Кофе Lebo Принц Лебо молотый для турки, 100г;https://online.metro-cc.ru/products/100g-kofe-lebo-prints-lebo-molotyy-dturki;129;119;LEBO
221911;Кофе в капсулах Lebo Espresso Milky для кофемашин Nespresso 40шт, 220г;https://online.metro-cc.ru/products/40shth55g-kofe-lebo-espresso-milky-banka;1259;1099;LEBO
125676;Кофе Lebo Classic молотый для турки, 200г;https://online.metro-cc.ru/products/200g-lebo-classic-dlya-turki;262;219;LEBO CLASSIC
125675;Кофе Lebo Classic Extra молотый для турки, 100г;https://online.metro-cc.ru/products/100g-lebo-extra-dlya-turki;149;129;LEBO CLASSIC
125674;Кофе Lebo Classic молотый для турки, 100г;https://online.metro-cc.ru/products/100g-lebo-classic-dlya-turki;143;119;LEBO CLASSIC
215436;Кофе Lebo Classic Original жареный в зернах, 100г;https://online.metro-cc.ru/products/100g-kofe-lebo-original-zharenyy-v-zernah;154;119;LEBO CLASSIC
224846;Кофе MacCoffee Capuccino Di torino растворимый (25.5г x 20шт), 510г;https://online.metro-cc.ru/products/20shtx255g-kofe-maccoffee-cappuccino-di-torino-rastv;439;398;MACCOFFEE
226509;Кофе MacCoffee Arabica растворимый, 100г;https://online.metro-cc.ru/products/100g-kofe-maccoffee-arabica-rastvorimyy-stb;264;264;MACCOFFEE
226505;Кофе MacCoffee Gold растворимый, 100г;https://online.metro-cc.ru/products/100g-kofe-maccoffee-gold-rastvorimyy-stb;231;231;MACCOFFEE
226522;Напиток кофейный MacCoffee Strong 3в1 порционный (16г x 100шт), 1.6кг;https://online.metro-cc.ru/products/5shth16g-kofe-maccoffee-3v1-strong-portsionnyy;1449;1449;MACCOFFEE
226523;Напиток кофейный MacCoffee Latte карамель порционный (22г x 20шт), 440г;https://online.metro-cc.ru/products/20shth22g-kofe-maccoffee-latte-karamel-portsionnyy;339;339;MACCOFFEE
57058;Напиток кофейный MacCoffee The Original coffee mix 3 в 1 растворимый 100 пакетиков, 2кг;https://online.metro-cc.ru/products/maccoffee-napitok-kofejnyj-porcionnyj-the-original-coffee-mix-3v1-100-20g;1639;1639;MACCOFFEE
226524;Напиток кофейный MacCoffee Capuccino Dolce Vita порционный (24г x 20шт), 480г;https://online.metro-cc.ru/products/20shth24g-kofe-maccoffee-cappuccino-dolce-vita-portsionnyy;339;339;MACCOFFEE
226521;Напиток кофейный MacCoffee 3в1 со сгущенным молоком порционный (20г x 10шт), 200г;https://online.metro-cc.ru/products/10shth20g-kofe-maccoffee-3v1-sguschennoe-moloko-portsionnyy;141;141;MACCOFFEE
230303;Кофе Monarch Original растворимый, 500г;https://online.metro-cc.ru/products/kofe-monarch-original-rastvorimyy-500g;1339;1049;MONARCH
230302;Кофе Monarch Original растворимый, 210г;https://online.metro-cc.ru/products/kofe-monarch-original-rastvorimyy-210g;589;469;MONARCH
230305;Кофе Monarch Original растворимый, 270г;https://online.metro-cc.ru/products/kofe-monarch-original-rastvorimyy-270g;1199;1099;MONARCH
224735;Кофе Monarch карамель растворимый, 95г;https://online.metro-cc.ru/products/95g-kofe-monarch-karamel-rastvorimyy-st;389;389;MONARCH
230293;Кофе Monarch Day&Night декофеинизированный растворимый, 95г;https://online.metro-cc.ru/products/kofe-monarch-daynight-dekofeinizirovannyy-rastvorimyy-95g;399;359;MONARCH
224736;Кофе Monarch Лесной орех растворимый, 95г;https://online.metro-cc.ru/products/95g-kofe-monarch-lesnoy-oreh-rastvorimyy-st;389;389;MONARCH
224712;Кофе Monarch Intense растворимый, 95г;https://online.metro-cc.ru/products/95g-kofe-monarch-intense-rastvorimyy-st;479;479;MONARCH
230300;Кофе Monarch Velour растворимый, 95г;https://online.metro-cc.ru/products/kofe-monarch-velour-rastvorimyy-95g;319;319;MONARCH
230296;Кофе Monarch Gold растворимый, 190г;https://online.metro-cc.ru/products/kofe-monarch-gold-rastvorimyy-190g;799;799;MONARCH
224709;Кофе Monarch Original растворимый, 95г;https://online.metro-cc.ru/products/95g-kofe-monarch-original-rastvorimyy-st;479;479;MONARCH
230301;Кофе Monarch Crema растворимый, 95г;https://online.metro-cc.ru/products/kofe-monarch-crema-rastvorimyy-95g;409;409;MONARCH
229730;Кофе Monarch Original растворимый, 130г;https://online.metro-cc.ru/products/kofe-monarch-original-rastvorimyy-130g;429;429;MONARCH
224734;Кофе Monarch Original жареный молотый, 230г;https://online.metro-cc.ru/products/230g-kofe-monarch-original-zharenyy-molotyy;319;319;MONARCH
230304;Кофе Monarch Milligrano растворимый с молотым, 90г;https://online.metro-cc.ru/products/kofe-monarch-milligrano-rastvorimyy-s-molotym-90g;389;299;MONARCH
224739;Кофе Monarch Milligrano растворимый с добавлением молотого, 120г;https://online.metro-cc.ru/products/120g-kofe-monarch-miligrano-rastv-c-dob-molotogo;429;429;MONARCH
230298;Кофе Monarch Brazilian Selection растворимый, 180г;https://online.metro-cc.ru/products/kofe-monarch-brazilian-selection-rastvorimyy-180g;829;829;MONARCH
224714;Кофе Monarch Gold растворимый, 95г;https://online.metro-cc.ru/products/95g-kofe-monarch-gold-rastvorimyy-st;469;469;MONARCH
227078;Набор подарочный Monarch Original Кофе+чашка растворимый, 95г;https://online.metro-cc.ru/products/95g-pn-kofechashka-monarch-original-rastvorimyy;569;569;MONARCH
224738;Кофе Monarch Original растворимый, 47.5г;https://online.metro-cc.ru/products/475g-kofe-monarch-original-rastvorimyy-st;209;199;MONARCH
224737;Кофе Monarch Original растворимый, 190г;https://online.metro-cc.ru/products/190g-kofe-monarch-original-rastvorimyy-st;709;709;MONARCH
231666;Кофе Monarch Brazilian Selection в зернах, 800г;https://online.metro-cc.ru/products/800g-kofe-monarch-brazilian-selection-zerno;1099;1099;MONARCH
122743;Кофе Nescafe Gold растворимый сублимированный с добавлением натурального жареного молотого кофе, 900г;https://online.metro-cc.ru/products/kofe-nescafe-gold-rastvorimiy-sublimirovanniy-s-dobavleniem-naturalnogo-zharenogo-molotogo-kofe-900g;2149;1699;NESCAFE
642122;Кофе Nescafe Gold растворимый сублимированный с добавлением натурального жареного молотого кофе, 750г;https://online.metro-cc.ru/products/nescafe-s-dobavleniem-naturalnogo-zharenogo-molotogo-gold-750g;2319;1379;NESCAFE
123742;Кофе Nescafe Classic растворимый порошкообразный с добавлением натурального жареного молотого кофе, 900г;https://online.metro-cc.ru/products/900g-nescafe-classic;1819;999;NESCAFE
433965;Кофе Nescafe Gold растворимый, 190г;https://online.metro-cc.ru/products/nescafe-gold-190g;439;439;NESCAFE
551849;Кофе Nescafe Classic Crema растворимый, 95г;https://online.metro-cc.ru/products/nescafe-classic-crema-95-g;214;199;NESCAFE
495117;Кофе Nescafe Gold Barista растворимый, 85г;https://online.metro-cc.ru/products/nescafe-gold-v-rastvorimom-barista-85g;329;299;NESCAFE
133725;Напиток кофейный Nescafe Strong 3в1 20 пакетиков, 290г;https://online.metro-cc.ru/products/20x145g-kofejnyj-napitok-nescafe-3v1-krepkij;319;259;NESCAFE
33501;Кофе Nescafe Gold растворимый, 130г;https://online.metro-cc.ru/products/nescafe-gold-rastvorimyj-130g-paket;389;349;NESCAFE
70210;Кофе Nescafe Classic растворимый, 95г;https://online.metro-cc.ru/products/nescafe-classic-naturalnyj-st-b-95g;214;199;NESCAFE
133726;Напиток кофейный Nescafe Mild 3в1 20 пакетиков, 290г;https://online.metro-cc.ru/products/20x145g-kofejnyj-napitok-nescafe-3v1-myagkij;319;259;NESCAFE
133724;Напиток кофейный Nescafe Classic 3в1 20 пакетиков, 290г;https://online.metro-cc.ru/products/20x145g-kofejnyj-napitok-nescafe-3v1-klassik;319;259;NESCAFE
218639;Кофе Nescafe Classic Crema растворимый, 190г;https://online.metro-cc.ru/products/190g-kofe-nescafe-classic-crema-rastvorimyy-st-banka;509;509;NESCAFE
70170;Кофе Nescafe Classic растворимый, 190г;https://online.metro-cc.ru/products/nescafe-classic-paket-190g;289;289;NESCAFE
604157;Кофе Nescafe Gold растворимый сублимированный, 500г;https://online.metro-cc.ru/products/nescafe-sublimirovannyj-gold-500g;1749;1749;NESCAFE
8415;Кофе Nescafe Gold растворимый, 190г;https://online.metro-cc.ru/products/nescafe-sublimirovannyj-gold-190g;859;859;NESCAFE
229954;Кофе Nescafe Classic растворимый порошкообразный с добавлением натурального жареного молотого кофе, 750г;https://online.metro-cc.ru/products/750g-kofe-nescafe-classic-rastvorimyy;1759;1759;NESCAFE
124058;Кофе Nescafe Classic растворимый, 320г;https://online.metro-cc.ru/products/320g-nescafe-classic-paket;459;459;NESCAFE
218638;Кофе Nescafe Classic растворимый, 190г;https://online.metro-cc.ru/products/190g-kofe-nescafe-classic-rastvorimyy-stekl-banka;509;509;NESCAFE
218640;Напиток кофейный Nescafe Cappuccino порционный растворимый (18г x 20шт), 360г;https://online.metro-cc.ru/products/20shth18g-kofeynyy-nap-nescafe-kapuchino-ports-rastv;529;449;NESCAFE
415027;Кофе Nescafe Gold растворимый, 95г;https://online.metro-cc.ru/products/nescafe-gold-steklo-95g-415027;329;299;NESCAFE
619918;Кофе Nescafe Gold Barista растворимый сублимированный с добавлением натурального молотого кофе, 400г;https://online.metro-cc.ru/products/art_619918;1869;999;NESCAFE
70176;Кофе Nescafe Classic растворимый, 500г;https://online.metro-cc.ru/products/nescafe-classic-paket-500g;1039;1039;NESCAFE
624869;Кофе Origo Cafe Crema в зернах, 1кг;https://online.metro-cc.ru/products/art_624869;1939;1939;ORIGO
44438;Кофе Origo Imperial Wiener Mischung в зернах, 1кг;https://online.metro-cc.ru/products/art_44438;2649;2649;ORIGO
624874;Кофе Origo Grande Barista в зернах, 1кг;https://online.metro-cc.ru/products/art_624874;2509;2509;ORIGO
654489;Кофе Origo Kaffee Klassik Barista Espresso в зернах, 1кг;https://online.metro-cc.ru/products/v-zernah-origo-klassik-kaffee-barista-espresso-1-kg;2319;2319;ORIGO
206309;Кофе Origo Professional Star эспрессо в зернах, 1кг;https://online.metro-cc.ru/products/1kg-kofe-origo-professional-star-espresso-zerno;2189;2189;ORIGO
206308;Кофе Origo Professional Master эспрессо в зернах, 1кг;https://online.metro-cc.ru/products/1kg-kofe-origo-professional-master-espresso-zerno;2069;2069;ORIGO
228231;Кофе Piazza del Caffe Crema Vellutata в зернах, 1кг;https://online.metro-cc.ru/products/1kg-kofe-piazza-del-caffe-crema-vellutata-zerno;1119;1119;PIAZZA DEL CAFFE
228232;Кофе Piazza del Caffe Espresso Forte в зернах, 1кг;https://online.metro-cc.ru/products/1kg-kofe-piazza-del-caffe-espresso-forte-zerno;1089;1089;PIAZZA DEL CAFFE
218719;Кофе Poetti Daily Classic Crema в зернах, 1кг;https://online.metro-cc.ru/products/1kg-kofe-poetti-daily-classic-crema-v-zernah;1569;1049;POETTI
218720;Кофе Poetti Daily Arabica в зернах, 1кг;https://online.metro-cc.ru/products/1kg-kofe-poetti-daily-arabica-v-zernah;1899;1349;POETTI
218717;Кофе Poetti Leggenda Espresso в зернах, 1кг;https://online.metro-cc.ru/products/1kg-kofe-poetti-leggenda-espresso-v-zernah;1799;1799;POETTI
218714;Кофе Poetti Leggenda Ruby в зернах, 1кг;https://online.metro-cc.ru/products/1kg-kofe-poetti-leggenda-ruby-v-zernah;1869;1869;POETTI
218710;Кофе Poetti Daily Mokka молотый, 250г;https://online.metro-cc.ru/products/250g-kofe-poetti-daily-mokka-molotyy;339;339;POETTI
218716;Кофе Poetti Leggenda Oro в зернах, 1кг;https://online.metro-cc.ru/products/1kg-kofe-poetti-leggenda-oro-v-zernah;1839;1839;POETTI
218711;Кофе Poetti Leggenda Original в зернах, 250г;https://online.metro-cc.ru/products/250g-kofe-poetti-leggenda-original-v-zernah;469;469;POETTI
218712;Кофе Poetti Leggenda Original в зернах, 1кг;https://online.metro-cc.ru/products/1kg-kofe-poetti-leggenda-original-v-zernah;1859;1859;POETTI
218718;Кофе Poetti Daily Mokka в зернах, 1кг;https://online.metro-cc.ru/products/1kg-kofe-poetti-daily-mokka-v-zernah;1579;969;POETTI
287768;RIOBA Кофе в зернах натуральный жареный 100% арабика Espresso, 1кг;https://online.metro-cc.ru/products/rioba-v-zernah-naturalnyj-zharenyj-100-arabika-espresso-1kg;1559;1559;RIOBA
287770;RIOBA Кофе в зернах натуральный жареный Silver, 1кг;https://online.metro-cc.ru/products/rioba-v-zernah-naturalnyj-zharenyj-silver-1kg;1329;1329;RIOBA
287769;RIOBA Кофе в зернах натуральный жареный 80:20, 1кг;https://online.metro-cc.ru/products/rioba-v-zernah-naturalnyj-zharenyj-gold-1kg;1529;1529;RIOBA
530966;RIOBA Кофе в капсулах Cremoso для кофемашин Nespresso 11шт, 55г;https://online.metro-cc.ru/products/rioba-dlya-kofemashin-cremoso-11x5g;379;379;RIOBA
530968;RIOBA Кофе в капсулах Delicato для кофемашин Nespresso 11шт, 55г;https://online.metro-cc.ru/products/rioba-dlya-kofemashin-delicato-10x5g;379;379;RIOBA
530967;RIOBA Кофе в капсулах Forte для кофемашин Nespresso 11шт, 55г;https://online.metro-cc.ru/products/rioba-dlya-kofemashin-forte-11x5g;379;379;RIOBA
530969;RIOBA Кофе в капсулах Intenso для кофемашин Nespresso 11шт, 55г;https://online.metro-cc.ru/products/rioba-dlya-kofemashin-intenso-11x5g;379;379;RIOBA
530965;RIOBA Кофе в капсулах Armonioso для кофемашин Nespresso 11шт, 55г;https://online.metro-cc.ru/products/rioba-dlya-kofemashin-armonioso-10x5g;379;379;RIOBA
609222;RIOBA Кофе Espresso Decaffeeinated в зернах без кофеина, 500г;https://online.metro-cc.ru/products/rioba-v-zernah-naturalnyj-zharenyj-espresso-decaffeeinated-500g;779;779;RIOBA
530964;RIOBA Кофе в капсулах Decaffeinato без кофеина для кофемашин Nespresso 11шт, 55г;https://online.metro-cc.ru/products/rioba-dlya-kofemashin-decaffein-11x5g;379;379;RIOBA
133441;RIOBA Кофе в капсулах Dolce Gusto Latte Macciato 8 порций 16 капсул, 192г;https://online.metro-cc.ru/products/192g-kofe-v-kaps-rioba-dolce-gusto-latte-macc;469;469;RIOBA
79862;Кофе в капсулах Tassimo Jacobs Americano Classico для кофемашин Tassimo 16шт, 132г;https://online.metro-cc.ru/products/americano-classico-tassimo-jacobs-16-sht;579;509;TASSIMO
229165;Кофе Tchibo Gold selection молотый, 250г;https://online.metro-cc.ru/products/250g-kofe-tchibo-gold-selection-molotyy;409;409;TCHIBO
229159;Кофе Tchibo Gold selection растворимый, 95г;https://online.metro-cc.ru/products/95g-kofe-tchibo-gold-selection-rastvorimyy-stb;389;389;TCHIBO
229162;Кофе Tchibo Gold selection растворимый, 150г;https://online.metro-cc.ru/products/150g-kofe-tchibo-gold-selection-rastvorimyy;509;509;TCHIBO
229166;Кофе Tchibo Gold мокка молотый, 250г;https://online.metro-cc.ru/products/250g-kofe-tchibo-gold-mokka-molotyy;294;294;TCHIBO
228419;Кофе Verle Central America в дрип-пакетах 6шт, 66г;https://online.metro-cc.ru/products/6shth11g-kofe-verle-central-america-v-drip-paketah;419;419;VERLE
228441;Кофе в капсулах Verle Classic Decaf для кофемашин Nespresso 10шт, 55г;https://online.metro-cc.ru/products/kofe-verle-classic-decaf-v-kapsulah-55g-x-10sht-55g;389;389;VERLE
228421;Кофе Verle Decaf в дрип-пакетах 6шт, 66г;https://online.metro-cc.ru/products/6shth11g-kofe-verle-decaf-v-drip-paketah;479;479;VERLE
228420;Кофе Verle Africa в дрип-пакетах 6шт, 66г;https://online.metro-cc.ru/products/6shth11g-kofe-verle-africa-v-drip-paketah;439;439;VERLE
228436;Кофе в капсулах Verle Classic Solid для кофемашин Nespresso 10шт, 55г;https://online.metro-cc.ru/products/kofe-verle-classic-solid-v-kapsulah-55g-x-10sht-55g;359;359;VERLE
228440;Кофе в капсулах Verle Classic Mousse для кофемашин Nespresso 10шт, 55г;https://online.metro-cc.ru/products/kofe-verle-classic-mousse-v-kapsulah-55g-x-10sht-55g;359;359;VERLE
50642;Кофе Жокей Caffe Italiano молотый, 250г;https://online.metro-cc.ru/products/art_50642;329;229;ЖОКЕЙ
534998;Кофе Жокей Империал натуральный растворимый сублимированный, 150г;https://online.metro-cc.ru/products/zhokej-imperial-150g;399;269;ЖОКЕЙ
459852;Кофе Жокей Триумф растворимый сублимированный, 150г;https://online.metro-cc.ru/products/zhokej-sublimirovannyj-triumf-150g;297;249;ЖОКЕЙ
624061;Кофе Жокей классический в зернах, 900г;https://online.metro-cc.ru/products/art_624061;1289;799;ЖОКЕЙ
373046;Кофе Жокей По-восточному молотый натуральный жареный, 250г;https://online.metro-cc.ru/products/art_373046;284;229;ЖОКЕЙ
234805;Кофе Жокей классический 3в1 растворимый (12г x 50шт), 600г;https://online.metro-cc.ru/products/kofe-zhokey-klassicheskiy-3v1-rastvorimyy-12g-x-50sht-600g;479;428;ЖОКЕЙ
373045;Кофе Жокей классический молотый натуральный жареный, 250г;https://online.metro-cc.ru/products/zhokej-naturalnyj-zharenyj-klassicheskij-250g;329;329;ЖОКЕЙ
119132;Кофе Жокей Ирландские сливки молотый, 150г;https://online.metro-cc.ru/products/150g-zhokej-irlandskie-slivki-mol;299;199;ЖОКЕЙ
228244;Кофе Жокей Фаворит растворимый, 95г;https://online.metro-cc.ru/products/95g-kofe-zhokey-favorit-rastvorimyy-stb;249;219;ЖОКЕЙ
232413;Кофе Жокей триумф растворимый (2г x 100шт), 200г;https://online.metro-cc.ru/products/100shth2g-kofe-zhokey-triumf-rastvorimyy;709;709;ЖОКЕЙ
228240;Кофе Жокей Триумф растворимый, 280г;https://online.metro-cc.ru/products/280g-kofe-zhokey-triumf-rastvorimyy;719;719;ЖОКЕЙ
599055;Кофе Жокей Импер растворимый, 95г;https://online.metro-cc.ru/products/art_599055;243;199;ЖОКЕЙ
228242;Кофе Жокей Gold растворимый, 95г;https://online.metro-cc.ru/products/95g-kofe-zhokey-gold-rastvorimyy-stb;281;199;ЖОКЕЙ
119131;Кофе Жокей По-восточному молотый, 450г;https://online.metro-cc.ru/products/450g-zhokej-po-vostochnomu-mol;649;649;ЖОКЕЙ
232416;Кофе Жокей крепкий растворимый 3в1 (12г x 50шт), 600г;https://online.metro-cc.ru/products/50shth12g-kofe-zhokey-krepkiy-3v1-rastvorimyy;439;419;ЖОКЕЙ
228241;Кофе Жокей Триумф растворимый, 75г;https://online.metro-cc.ru/products/75g-kofe-zhokey-triumf-rastvorimyy;199;169;ЖОКЕЙ
420359;Кофе Жокей Триумф растворимый сублимированный, 95г;https://online.metro-cc.ru/products/zhokej-triumf-95g;269;199;ЖОКЕЙ
228243;Кофе Жокей Imperial растворимый, 75г;https://online.metro-cc.ru/products/75g-kofe-zhokey-imper-rastvorimyy;199;169;ЖОКЕЙ
616531;Кофе Жокей Фаворит растворимый гранулированный, 75г;https://online.metro-cc.ru/products/zhokej-favorit-granulirovannyj150-g;279;199;ЖОКЕЙ
232415;Кофе Жокей триумф растворимый, 450г;https://online.metro-cc.ru/products/450g-kofe-zhokey-triumf-rastvorimyy;1239;799;ЖОКЕЙ
119130;Кофе Жокей Классический молотый, 450г;https://online.metro-cc.ru/products/450g-zhokej-klassicheskij-mol;649;649;ЖОКЕЙ
544095;Кофе Жокей Традиционный в зернах, 900г;https://online.metro-cc.ru/products/zhokej-tradicionnyj-900g;1049;749;ЖОКЕЙ
226399;Кофе Московская кофейня на паяхъ Арабика растворимый сублимированный, 95г;https://online.metro-cc.ru/products/moskovskaya-kofejnya-na-payah-sublimirovannyj-arabika-95g;549;549;МОСКОВСКАЯ КОФЕЙНЯ НА ПАЯХЪ
226397;Кофе Московская кофейня на паяхъ Суаре растворимый сублимированный, 95г;https://online.metro-cc.ru/products/moskovskaya-kofejnya-na-payah-sublimirovannyj-suare-95g;419;419;МОСКОВСКАЯ КОФЕЙНЯ НА ПАЯХЪ
459905;Кофе Черная Карта Gold растворимый, 190г;https://online.metro-cc.ru/products/chernaya-karta-gold-190g;599;439;ЧЕРНАЯ КАРТА
227302;Кофе Черная Карта молотый для турки, 250г;https://online.metro-cc.ru/products/250-kofe-chernaya-karta-molotyy-dlya-turki;237;199;ЧЕРНАЯ КАРТА
217498;Кофе Черная Карта молотый жареный, 250г;https://online.metro-cc.ru/products/250g-kofe-chernaya-karta-molotyy-zharenyy;309;259;ЧЕРНАЯ КАРТА
469154;Кофе Черная Карта Brasilia Exclusive растворимый сублимированный, 95г;https://online.metro-cc.ru/products/chernaya-karta-sublimirovannyj-brasilia-exclusive-95g;281;249;ЧЕРНАЯ КАРТА
634928;Кофе Черная Карта в зернах, 250г;https://online.metro-cc.ru/products/250g-kofe-chernaya-karta-zerno;299;219;ЧЕРНАЯ КАРТА
505974;Кофе Черная Карта в зернах, 1кг;https://online.metro-cc.ru/products/chernaya-karta-paketirovannyj-1kg;1179;919;ЧЕРНАЯ КАРТА